1,7532 Rusk Place,+86-908-227-4540,jreilinger0@latimes.com
2,20 Scofield Crossing,+55-739-639-5022,boakwood1@sina.com.cn
3,6 Dawn Street,+55-225-841-2574,dtrusse2@apache.org
4,53305 Dennis Court,+62-196-394-1021,rparren3@google.com.au
5,44 Westend Terrace,+86-504-228-3170,nmachoste4@google.ca
6,4773 Hudson Drive,+86-825-466-4251,fpetry5@sohu.com
7,7 Harper Parkway,+420-289-338-2480,heslinger6@huffingtonpost.com
8,6 Anthes Way,+375-239-925-9344,agrzesiak7@51.la
9,07106 Scott Circle,+244-730-107-7091,tfinby8@mapquest.com
10,50664 Di Loreto Lane,+1-212-159-8617,dros9@spotify.com
11,9935 Little Fleur Avenue,+81-782-670-6487,yguislina@shutterfly.com
12,8 Commercial Way,+62-232-920-7159,tmaskallb@tripadvisor.com
13,73996 Mayfield Pass,+86-543-488-1576,elatheec@51.la
14,607 Ridgeway Point,+86-430-670-5684,gfullardd@sohu.com
15,26 Merry Parkway,+55-721-674-0383,ipeckitte@arizona.edu
16,220 Russell Crossing,+63-956-501-8558,scassef@hhs.gov
17,5731 Comanche Pass,+86-513-106-7063,csidaryg@odnoklassniki.ru
18,45919 Mendota Crossing,+62-555-149-8942,ahaironh@disqus.com
19,676 Sundown Point,+255-413-884-3474,mskeai@techcrunch.com
20,7081 Spohn Road,+86-884-575-9742,rjonkej@123-reg.co.uk
21,7692 Longview Pass,+51-155-103-7350,hvedenyakink@vinaora.com
22,918 Jackson Place,+46-616-152-0220,itschersichl@ow.ly
23,5974 Tennessee Street,+55-128-763-1429,glerganm@merriam-webster.com
24,1690 Eastwood Pass,+34-913-936-0970,dstroudn@seattletimes.com
25,541 Tennessee Way,+66-242-762-2749,dportailo@japanpost.jp
26,42 Meadow Valley Parkway,+48-653-561-5370,sschimankp@amazonaws.com
27,0459 Del Sol Way,+30-177-103-6470,hkitmanq@imdb.com
28,026 Arizona Street,+48-828-886-8426,mglazebrookr@salon.com
29,39 Hanover Road,+86-625-343-7416,lseifs@nhs.uk
30,4539 Hermina Trail,+30-342-749-4919,cbenfordt@nasa.gov
31,25 Cascade Way,+55-149-795-9982,mfandreyu@vimeo.com
32,770 Stoughton Parkway,+44-540-573-6916,nwakemanv@topsy.com
33,9 Carpenter Center,+7-743-249-0699,mmarconew@vkontakte.ru
34,018 Lunder Lane,+82-311-137-0342,lbozierx@seattletimes.com
35,908 Susan Point,+86-668-219-3687,efergiey@imdb.com
36,335 Susan Lane,+46-785-747-6765,cwasylkiewiczz@list-manage.com
37,8 Mayfield Crossing,+33-798-341-5798,dshaefer10@multiply.com
38,007 Independence Alley,+374-118-850-1337,jquinlan11@about.com
39,07 Mesta Alley,+86-260-412-2961,bspurway12@weibo.com
40,05 Clarendon Junction,+62-598-134-8547,tsorley13@time.com
41,273 Moose Court,+86-449-518-4347,apottie14@springer.com
42,1 Mallard Trail,+351-372-795-7542,eroja15@weebly.com
43,83 Golf View Way,+55-207-453-4422,sologan16@edublogs.org
44,9 Maple Drive,+48-967-825-1183,kcathrae17@soup.io
45,43996 Kensington Pass,+261-610-731-4443,sthackston18@nymag.com
46,1545 Bartillon Point,+63-298-492-6971,gdevil19@baidu.com
47,42362 Kingsford Way,+86-500-848-6801,mgillibrand1a@meetup.com
48,155 Marquette Pass,+62-228-633-0923,jvecard1b@studiopress.com
49,719 Stephen Place,+86-388-606-3801,pjanusik1c@opera.com
50,8 Schurz Drive,+66-962-847-0705,swiburn1d@cbc.ca
51,747 Algoma Pass,+86-565-406-8766,bbonefant1e@elpais.com
52,6094 Jay Circle,+66-516-213-3697,xtchaikovsky1f@blogs.com
53,41 Tennyson Road,+55-536-471-9622,jpadilla1g@discovery.com
54,4 Portage Trail,+51-915-485-6630,atrowsdall1h@twitter.com
55,2 Monterey Point,+60-403-307-3912,wmeiklam1i@nhs.uk
56,9 Oriole Pass,+595-744-406-9499,sskalls1j@walmart.com
57,94817 Helena Center,+81-541-292-2551,clanfear1k@bizjournals.com
58,14298 Westridge Lane,+62-694-787-8156,hscholtis1l@xrea.com
59,31 Vahlen Center,+55-893-714-5607,kmell1m@webeden.co.uk
60,6 Eggendart Place,+46-913-527-9005,grosenau1n@comcast.net
61,37306 Lindbergh Court,+269-225-333-9320,rharding1o@home.pl
62,79 Stuart Parkway,+7-702-582-8805,ffairpool1p@marriott.com
63,5531 Namekagon Trail,+380-235-453-1525,dbreckenridge1q@hatena.ne.jp
64,9 Annamark Court,+86-504-592-0293,cchrisp1r@godaddy.com
65,81945 Kingsford Circle,+351-868-593-1782,alangford1s@smugmug.com
66,21644 Iowa Drive,+1-404-257-4758,trojel1t@sakura.ne.jp
67,55 Starling Pass,+86-541-513-6486,rfirpo1u@state.tx.us
68,25 Burrows Road,+855-505-907-7929,ijeaycock1v@alexa.com
69,40358 Kipling Junction,+963-408-931-4310,jpeter1w@time.com
70,7 Nevada Lane,+380-495-361-8580,ssircomb1x@bluehost.com
71,35 Graedel Terrace,+62-661-801-1128,kenderson1y@chronoengine.com
72,1 Lighthouse Bay Terrace,+81-301-526-7790,ssivill1z@cdbaby.com
73,19825 Reinke Parkway,+33-440-215-1145,brenoden20@ow.ly
74,72289 Clyde Gallagher Alley,+86-627-485-4661,efusco21@dagondesign.com
75,1 Morrow Street,+420-178-774-5677,kmcginn22@imgur.com
76,546 Ilene Parkway,+62-488-183-1138,izanassi23@spiegel.de
77,97 Transport Parkway,+593-209-584-5963,hchimenti24@drupal.org
78,45 Trailsway Park,+86-100-213-0824,dpalfreman25@mozilla.com
79,1 Mandrake Alley,+351-484-666-6452,kmelley26@barnesandnoble.com
80,61371 Barnett Road,+86-843-767-4432,msokale27@ox.ac.uk
81,86712 Bobwhite Hill,+1-317-316-6815,drosin28@baidu.com
82,9 Arizona Parkway,+86-427-727-0005,cyakebowitch29@dedecms.com
83,49906 Old Gate Lane,+595-597-583-6020,pshardlow2a@thetimes.co.uk
84,1867 Derek Pass,+51-703-385-6448,mgawne2b@joomla.org
85,9499 Nova Parkway,+375-854-360-5267,emacia2c@economist.com
86,1 Bonner Drive,+86-989-682-4303,ywaddell2d@51.la
87,9932 Claremont Park,+1-420-397-8992,rdearness2e@omniture.com
88,5248 Crest Line Terrace,+86-666-469-4951,tmatejic2f@bloomberg.com
89,3061 Homewood Plaza,+62-429-310-4208,mtown2g@java.com
90,88661 Gulseth Trail,+62-342-793-4793,kattard2h@telegraph.co.uk
91,2 Valley Edge Plaza,+1-469-785-0750,tmoynihan2i@google.it
92,12 Fisk Alley,+86-289-128-8891,tdesavery2j@guardian.co.uk
93,88 Melvin Parkway,+82-451-912-6768,jbatchan2k@last.fm
94,71588 Grayhawk Center,+7-176-320-9284,cgantlett2l@ibm.com
95,6943 Charing Cross Trail,+353-871-683-8970,rgabbot2m@sciencedirect.com
96,4839 Fisk Plaza,+86-362-929-6514,eveeler2n@jalbum.net
97,90 Mallard Parkway,+46-424-509-8598,akippin2o@upenn.edu
98,96 Washington Way,+86-659-385-8189,wdreng2p@cam.ac.uk
99,73 Badeau Pass,+30-200-396-3739,phuckle2q@amazon.co.uk
100,891 Duke Trail,+63-454-694-9463,rfeeley2r@free.fr
101,56016 Dapin Plaza,+55-365-589-1801,smensler2s@cyberchimps.com
102,46 Towne Hill,+504-167-381-7982,tbrimley2t@a8.net
103,03 Chinook Way,+20-677-522-4353,rriche2u@globo.com
104,2606 Crowley Place,+972-527-673-1535,mdebnam2v@a8.net
105,989 Becker Place,+7-108-465-2379,cjinkin2w@networksolutions.com
106,33 Alpine Center,+63-911-183-3960,bshury2x@shop-pro.jp
107,6 Algoma Plaza,+249-243-961-3637,bklemencic2y@boston.com
108,7 Claremont Street,+221-453-959-6031,jaitken2z@forbes.com
109,099 Messerschmidt Crossing,+387-930-299-4872,rvigors30@tiny.cc
110,67103 Grim Place,+86-130-978-0968,hdumphreys31@redcross.org
111,8 Elmside Court,+420-788-507-6049,amilch32@msn.com
112,023 Sundown Drive,+504-231-352-8454,csamme33@vimeo.com
113,1747 Granby Trail,+33-121-867-5960,snacci34@wired.com
114,35866 Muir Circle,+351-382-574-4862,jdenness35@feedburner.com
115,66 Birchwood Lane,+358-598-865-2702,cmccrie36@networkadvertising.org
116,0866 Lawn Street,+420-985-741-6007,anormavill37@ask.com
117,70 Mcbride Park,+62-164-871-1192,umcneely38@msn.com
118,3928 Eggendart Circle,+63-158-380-6629,cpengelley39@over-blog.com
119,61 Vermont Trail,+46-706-530-6504,fagutter3a@prlog.org
120,64991 Dapin Alley,+86-508-811-0699,cgiraldon3b@blog.com
121,4194 Annamark Hill,+389-399-742-7917,eshiell3c@washington.edu
122,40 Tony Court,+62-607-462-2422,memberton3d@statcounter.com
123,6 Hayes Trail,+86-493-462-4713,asowte3e@hibu.com
124,30722 Columbus Plaza,+351-658-864-6671,lpringuer3f@usa.gov
125,8519 Fuller Place,+86-170-625-9260,mbaildon3g@behance.net
126,1942 Fieldstone Trail,+52-266-960-6179,stankard3h@blogger.com
127,083 Truax Terrace,+30-423-633-4755,ewhitlam3i@amazonaws.com
128,081 Scoville Park,+44-684-342-9606,jgutowski3j@biglobe.ne.jp
129,2529 Fallview Court,+63-597-987-8778,sbarends3k@springer.com
130,799 Doe Crossing Pass,+251-840-140-4787,rlazell3l@gnu.org
131,3 Leroy Way,+86-268-915-6181,wbuttner3m@geocities.com
132,4 Canary Alley,+86-733-599-6871,emicklewright3n@jimdo.com
133,063 Nobel Place,+212-168-759-7468,cdoughill3o@berkeley.edu
134,62903 Iowa Road,+62-623-369-0599,gcordsen3p@cpanel.net
135,67038 Melvin Road,+216-552-421-5292,gstansbie3q@hugedomains.com
136,6671 Ridge Oak Plaza,+62-453-698-3783,jrogez3r@engadget.com
137,177 Kinsman Circle,+86-844-787-5204,rartinstall3s@devhub.com
138,790 Gale Crossing,+36-752-215-7044,gsappy3t@etsy.com
139,4 Hayes Drive,+46-575-126-6300,mpetegree3u@ucla.edu
140,4944 Bluestem Terrace,+63-350-293-9776,blinnock3v@imdb.com
141,8161 Ludington Parkway,+1-439-708-8030,atschierse3w@redcross.org
142,8 Corscot Crossing,+381-449-741-0945,chun3x@noaa.gov
143,905 Chinook Terrace,+380-537-919-4854,kteck3y@twitpic.com
144,0 Mayer Point,+86-883-587-1154,mhalshaw3z@list-manage.com
145,1722 Mcguire Place,+352-592-214-6221,mharnett40@studiopress.com
146,7423 Huxley Lane,+86-987-296-6068,idibatista41@ustream.tv
147,8976 Weeping Birch Hill,+62-325-387-6192,nbayless42@bizjournals.com
148,236 Briar Crest Point,+359-972-762-3332,cmenat43@e-recht24.de
149,1 High Crossing Trail,+351-945-828-6071,jcappel44@de.vu
150,618 Elgar Point,+86-126-567-6850,jhawkett45@seesaa.net
