1,42 Warbler Parkway,+62-287-318-2685,ncrow0@edublogs.org,Nikolia Crow
2,4 Superior Center,+31-941-372-3858,kcourtenay1@addtoany.com,Ketti Courtenay
3,736 High Crossing Parkway,+962-270-364-6430,jgabby2@redcross.org,Joane Gabby
4,47 Dixon Avenue,+33-728-181-1264,bbowld3@mail.ru,Bartholomeus Bowld
5,4 Northwestern Pass,+86-152-715-2006,pgillivrie4@thetimes.co.uk,Patrizia Gillivrie
6,2 Farragut Avenue,+7-720-280-5656,rbartrap5@twitpic.com,Robin Bartrap
7,97 Prairieview Park,+52-160-462-0023,vmaylin6@ftc.gov,Vincenty Maylin
8,1820 Acker Circle,+502-758-293-8418,gburder7@blogs.com,Gabriel Burder
9,0708 Scofield Hill,+86-152-223-0123,bruncieman8@oakley.com,Brit Runcieman
10,3 Westridge Pass,+86-826-563-3489,hkapelhof9@digg.com,Harlie Kapelhof
11,34 Green Avenue,+62-447-191-6287,slorentea@jimdo.com,Shelia Lorente
12,6 Trailsway Point,+48-647-730-9448,mcattersonb@baidu.com,Marena Catterson
13,5100 Shoshone Hill,+48-435-833-0617,loflavertyc@msn.com,Leelah O'Flaverty
14,08 Lerdahl Lane,+62-688-515-2604,mdupreed@ebay.com,Mead Dupree
15,71933 4th Parkway,+51-418-639-9705,mbrydee@goo.ne.jp,Midge Bryde
16,1 Sycamore Drive,+389-326-385-0068,pannattf@google.com.br,Perri Annatt
17,18156 Hazelcrest Court,+63-377-748-1963,sfrangog@skyrock.com,Saw Frango
18,467 Eagan Hill,+220-448-791-3668,bmurrisonh@hibu.com,Buck Murrison
19,7 Esker Road,+48-369-473-8968,lbirkwoodi@indiegogo.com,Lanette Birkwood
20,0 Vidon Park,+86-777-777-1892,hsantij@princeton.edu,Humfrey Santi
21,098 Texas Street,+55-890-451-5962,bripperk@elegantthemes.com,Berton Ripper
22,44982 Commercial Hill,+51-602-945-3817,lgrenshielsl@last.fm,Latrena Grenshiels
23,82 Morning Trail,+381-868-448-2185,cabbatim@vimeo.com,Christoffer Abbati
24,5 Packers Plaza,+358-408-489-2380,dbilbreyn@dagondesign.com,Doti Bilbrey
25,94 Ramsey Point,+48-573-243-9197,dgoubliero@google.it,Deane Goublier
26,06 Merrick Junction,+960-102-258-0824,lglaviasp@lycos.com,Lesley Glavias
27,14 Judy Drive,+351-806-407-8287,cfeeheryq@gmpg.org,Cathee Feehery
28,432 Reinke Point,+62-556-763-7595,halmondr@wsj.com,Hank Almond
29,7 Graceland Drive,+48-975-879-0595,hverralls@macromedia.com,Herman Verrall
30,09 Golden Leaf Park,+62-301-535-3811,atabouriert@tinyurl.com,Ardeen Tabourier
31,8552 Bultman Center,+49-647-223-2793,vdummiganu@webnode.com,Velma Dummigan
32,407 Fair Oaks Park,+63-407-654-8254,shuglev@tripadvisor.com,Sibyl Hugle
33,7173 Valley Edge Trail,+63-899-748-2160,nsimioniw@reddit.com,Nancy Simioni
34,6259 Ridge Oak Way,+7-360-273-3310,hfishpondx@tiny.cc,Hubey Fishpond
35,2 Grayhawk Street,+86-855-942-8493,wscorery@imgur.com,Winnie Scorer
36,72407 Golden Leaf Court,+86-742-814-2521,svossz@adobe.com,Sinclair Voss
37,8874 Transport Point,+54-272-445-0618,lpridham10@g.co,Lisetta Pridham
38,13464 Farwell Center,+51-382-598-3633,rquinton11@oaic.gov.au,Regina Quinton
39,3 Summer Ridge Drive,+54-468-628-2931,gscolding12@eepurl.com,Gunilla Scolding
40,0691 Ridge Oak Junction,+237-196-198-6295,aferris13@google.nl,Adan Ferris
41,1373 Walton Pass,+386-150-408-9866,agrzeskowski14@adobe.com,Alyss Grzeskowski
42,706 Mesta Alley,+86-564-821-2250,sburhouse15@ihg.com,Sandy Burhouse
43,4 Mallory Circle,+66-547-805-3443,rrawdales16@mapquest.com,Robby Rawdales
44,41320 Southridge Alley,+86-756-274-4103,lmcgruar17@globo.com,Lynsey McGruar
45,35 Graedel Plaza,+506-558-795-7948,earchdeckne18@mapquest.com,Emilie Archdeckne
46,635 Little Fleur Drive,+1-256-856-2047,mfrederick19@disqus.com,Mikkel Frederick
47,5457 Bonner Street,+381-389-139-1292,cburnsides1a@artisteer.com,Claudelle Burnsides
48,6921 Paget Drive,+86-876-923-9529,cstickley1b@wired.com,Catherine Stickley
49,11 South Place,+54-726-413-6558,msilverstone1c@zimbio.com,Marty Silverstone
50,1103 Toban Terrace,+86-101-461-6183,tdrane1d@yelp.com,Thurston Drane
51,63 Kipling Pass,+27-261-614-7801,cbarti1e@shareasale.com,Cordula Barti
52,8485 Lindbergh Place,+86-866-318-9166,rharnes1f@flickr.com,Roxana Harnes
53,2 Schmedeman Street,+48-144-281-0538,nfannin1g@ebay.co.uk,Natal Fannin
54,3501 Susan Street,+370-709-576-0957,fdi1h@dagondesign.com,Faydra Di Franceshci
55,9 Thierer Court,+62-950-505-9403,lfritschmann1i@oracle.com,Loralyn Fritschmann
56,219 Menomonie Drive,+93-767-384-4838,igiannini1j@businessinsider.com,Iggie Giannini
57,76 Duke Place,+7-733-257-0906,ralbrooke1k@tamu.edu,Reba Albrooke
58,6 American Trail,+7-191-378-1837,tsweedy1l@eventbrite.com,Thomasina Sweedy
59,797 Lyons Lane,+98-531-262-8237,amaddison1m@woothemes.com,Alfreda Maddison
60,15 Westerfield Circle,+30-597-897-9251,csawood1n@wp.com,Consuelo Sawood
61,86476 Kensington Hill,+86-127-866-1755,tschuchmacher1o@biglobe.ne.jp,Tanner Schuchmacher
62,6 Bellgrove Place,+976-580-481-3141,gfrankish1p@home.pl,Gracia Frankish
63,67550 Gateway Crossing,+380-832-489-7912,tplaunch1q@house.gov,Tilda Plaunch
64,8 Paget Street,+1-133-275-1279,arushbury1r@uiuc.edu,Adriano Rushbury
65,51 Springs Drive,+62-984-285-3264,isapauton1s@oakley.com,Ingar Sapauton
66,9 Sunbrook Way,+86-488-854-1269,enend1t@census.gov,Edithe Nend
67,6 Schmedeman Alley,+62-102-475-8216,hjagels1u@elegantthemes.com,Halley Jagels
68,46 Morningstar Park,+242-434-745-2767,vdanaher1v@cam.ac.uk,Vidovik Danaher
69,7 Commercial Terrace,+86-210-433-2610,pbardill1w@reference.com,Purcell Bardill
70,4 4th Junction,+86-693-464-6072,tbaert1x@skyrock.com,Tatiana Baert
71,608 Starling Park,+355-788-306-7882,cnaire1y@hao123.com,Curcio Naire
72,1357 North Alley,+86-314-569-1072,vrutledge1z@independent.co.uk,Victor Rutledge
73,06 Ohio Plaza,+54-995-960-7291,jcaudwell20@gizmodo.com,Jarrett Caudwell
74,4073 School Park,+63-575-591-5803,laubry21@wired.com,Liliane Aubry
75,9237 Jay Drive,+351-782-698-8490,parmistead22@lycos.com,Pablo Armistead
76,1 Harbort Alley,+62-227-701-9357,jmildenhall23@etsy.com,Jackqueline Mildenhall
77,79938 Moulton Way,+63-562-341-7290,lwoolam24@xing.com,Lynelle Woolam
78,867 Daystar Way,+86-784-800-0841,bcrosgrove25@apple.com,Bianka Crosgrove
79,3 Heath Circle,+223-188-842-6178,dbabe26@bizjournals.com,Dominick Babe
80,81971 7th Terrace,+1-699-265-3302,amatthew27@cyberchimps.com,Armstrong Matthew
81,4 Southridge Lane,+46-963-900-8221,rcocker28@who.int,Reinhold Cocker
82,325 Vidon Park,+27-339-977-9149,hgarvill29@samsung.com,Herminia Garvill
83,1 Maple Wood Park,+55-202-951-8481,khurdle2a@dropbox.com,Klemens Hurdle
84,869 Johnson Parkway,+1-406-911-1760,kmcgaffey2b@com.com,Kerk McGaffey
85,4 Anderson Plaza,+351-371-384-9056,wtrenbay2c@canalblog.com,Wynne Trenbay
86,0 Merry Court,+256-397-280-6582,fflecknoe2d@shinystat.com,Franklyn Flecknoe
87,6081 Holmberg Crossing,+86-751-741-5614,most2e@yellowbook.com,Mel Ost
88,789 Sauthoff Circle,+86-584-298-8777,dde2f@pcworld.com,Deana De Robertis
89,7178 Almo Avenue,+1-613-541-3119,aorigan2g@paypal.com,Amalia Origan
90,56365 Spohn Place,+375-450-901-3419,amehmet2h@github.io,Abdul Mehmet
91,8161 John Wall Point,+62-882-929-3917,jhenriet2i@miibeian.gov.cn,Jillene Henriet
92,25 Bartelt Plaza,+98-928-967-3521,mkettridge2j@i2i.jp,Margaux Kettridge
93,528 Eagle Crest Parkway,+7-242-752-1799,tblogg2k@unicef.org,Taddeo Blogg
94,5939 Bayside Trail,+62-382-484-7646,bcamamile2l@opera.com,Boris Camamile
95,63 Tony Center,+1-996-538-3792,jlazenbury2m@howstuffworks.com,Julia Lazenbury
96,8232 Anhalt Lane,+66-775-666-4101,kwhiscard2n@forbes.com,Keslie Whiscard
97,8221 Mendota Park,+63-246-351-6697,arushmere2o@facebook.com,Adolpho Rushmere
98,515 Emmet Trail,+1-283-379-4387,abarends2p@noaa.gov,Aloysia Barends
99,98 Armistice Avenue,+380-259-956-7739,joffell2q@dagondesign.com,Jinny Offell
100,5644 Garrison Trail,+86-980-936-6727,amacelholm2r@photobucket.com,Ambros MacElholm
101,814 Village Green Place,+48-182-701-8958,fbeet2s@homestead.com,Fredrick Beet
102,62 Fieldstone Court,+86-107-413-7274,mstorm2t@blogspot.com,Margarete Storm
103,1914 Comanche Circle,+7-725-577-8853,ioffiler2u@army.mil,Inna Offiler
104,79940 Knutson Crossing,+7-274-189-6963,ryanez2v@artisteer.com,Rafaelia Yanez
105,7127 Debs Avenue,+84-418-625-7642,tgutch2w@cbsnews.com,Truman Gutch
106,194 Heath Junction,+86-721-549-4266,btutchener2x@chicagotribune.com,Bobinette Tutchener
107,63 Mcbride Avenue,+27-773-994-2214,rbeebe2y@comsenz.com,Ramsay Beebe
108,7269 Graceland Drive,+62-814-531-0797,hmitchinson2z@forbes.com,Hephzibah Mitchinson
109,50 Division Drive,+965-374-559-6882,santognozzii30@shutterfly.com,Sigfried Antognozzii
110,39193 Prairieview Place,+597-508-328-7366,dlomen31@github.io,Dianna Lomen
111,969 Onsgard Terrace,+351-271-722-9687,bpimlett32@privacy.gov.au,Bili Pimlett
112,396 Morning Circle,+970-671-638-4563,oguerrieri33@earthlink.net,Olia Guerrieri
113,916 Graedel Road,+62-943-388-0401,ncastagne34@google.com.br,Nonna Castagne
114,18 Fairfield Terrace,+354-584-332-2414,mshill35@google.ca,Meggy Shill
115,14 Meadow Ridge Plaza,+92-574-933-3798,amonks36@addtoany.com,Arlene Monks
116,99 Meadow Ridge Avenue,+385-226-149-8756,mhadlow37@spiegel.de,Mariana Hadlow
117,74 Comanche Point,+62-887-492-7474,tcharrett38@shinystat.com,Troy Charrett
118,5813 Golden Leaf Place,+355-860-341-1949,lclowton39@icq.com,Lara Clowton
119,2722 Bartillon Place,+98-224-620-6346,psvanini3a@ucoz.com,Paten Svanini
120,5492 Ludington Plaza,+7-602-757-2474,wscrace3b@theatlantic.com,Wheeler Scrace
121,18 Lindbergh Drive,+689-584-644-7713,cblanpein3c@tripadvisor.com,Connor Blanpein
122,2 Dahle Parkway,+48-316-171-1907,ffeld3d@yandex.ru,Free Feld
123,8 Dapin Hill,+352-799-972-6650,glowne3e@mapquest.com,Giordano Lowne
124,3157 Pepper Wood Center,+30-881-363-9913,tlasty3f@cnn.com,Tremaine Lasty
125,58 Utah Road,+966-999-404-5597,ecornill3g@mediafire.com,Emanuel Cornill
126,5 Bowman Street,+86-646-344-3752,lmusker3h@oakley.com,Lucina Musker
127,436 American Trail,+389-794-743-0176,lbarraclough3i@google.cn,Leicester Barraclough
128,457 Heath Crossing,+63-615-622-5075,cmacarte3j@wired.com,Creighton MacArte
129,397 Hayes Drive,+1-672-402-5365,ppargiter3k@wordpress.org,Pippo Pargiter
130,50 Independence Court,+47-868-208-6712,eliggett3l@chron.com,Elyse Liggett
131,8 Dorton Point,+420-507-598-2087,sashenhurst3m@spotify.com,Stacee Ashenhurst
132,56792 Forest Dale Place,+66-556-224-6281,abrandoni3n@baidu.com,Asa Brandoni
133,1476 Pearson Trail,+351-326-786-7509,olivick3o@360.cn,Olympie Livick
134,8181 Chive Street,+86-148-423-3879,tvasyutichev3p@ft.com,Tam Vasyutichev
135,59779 Pankratz Avenue,+57-806-755-4099,ggoalley3q@youtube.com,Gillian Goalley
136,7031 Heath Parkway,+63-421-139-3305,nforman3r@is.gd,Norbie Forman
137,8413 Elmside Avenue,+57-419-765-1485,apeyes3s@ifeng.com,Archer Peyes
138,9274 Crest Line Center,+57-670-126-2653,swesgate3t@deviantart.com,Sydney Wesgate
139,44 Red Cloud Pass,+48-122-469-8559,ehexam3u@oracle.com,Emmalynn Hexam
140,252 Clarendon Trail,+33-606-762-7497,swince3v@cisco.com,Sallee Wince
141,76787 Schiller Circle,+63-460-392-5854,wstubbeley3w@hud.gov,Wilbert Stubbeley
142,296 Toban Junction,+992-787-748-4570,elunny3x@1688.com,Eveleen Lunny
143,2754 Fallview Point,+46-377-391-1474,rleader3y@zdnet.com,Raleigh Leader
144,01900 Lillian Pass,+33-831-534-5877,doxburgh3z@yandex.ru,Doralynn Oxburgh
145,013 Pierstorff Place,+46-516-220-5766,gmegarry40@army.mil,Gran Megarry
146,96661 Forest Run Terrace,+48-825-848-5323,gbartosiak41@usnews.com,Gwynne Bartosiak
147,8 Jay Pass,+351-481-375-3268,cgimeno42@google.pl,Cristiano Gimeno
148,18229 Prairie Rose Street,+57-828-873-9289,mphifer43@go.com,Margy Phifer
149,0252 Helena Pass,+372-738-909-8915,dlandsbury44@state.gov,Dehlia Landsbury
150,048 Dahle Avenue,+52-363-646-0539,apinckney45@nasa.gov,Ashla Pinckney
