1,Merissa Olohan,5
2,Bernadine Skerman,41
3,Janina Ehrat,148
4,Ellen Crosoer,79
5,Cletis Gammell,12
6,Frank O'Regan,55
7,Had Gush,8
8,Steffen MacDuffie,61
9,West Crimin,111
10,Madel Carp,147
11,Pegeen Moncey,80
12,Sharon Mathey,122
13,Sherwood MacAfee,89
14,Jerad Pawlick,130
15,Horatius Keller,143
16,Dennie Bewley,125
17,Tandie Ticehurst,103
18,Rhett Viscovi,133
19,Orlan Moiser,38
20,Bendicty Beyne,42
21,Suzann Farmiloe,10
22,Betti Mewe,105
23,Chickie Gyde,4
24,Corey Keely,139
25,Charleen Simonutti,56
26,Quinlan Ramm,10
27,Vidovik Haining,131
28,Dacy Creak,54
29,Maia Attwood,100
30,Cookie Shellum,82
31,Russell Litton,102
32,Catriona Shane,5
33,Rufus Rubinlicht,96
34,Dorian Biskupski,141
35,Bradan Heckney,70
36,Hirsch Batson,62
37,Zara Adamik,102
38,Octavia Josephi,30
39,Hamel Franceschi,63
40,Thedric Burfield,5
41,Sergeant Haskew,49
42,Fabio Hollow,67
43,Alister McGirr,118
44,Melantha Gull,64
45,Deonne Hyrons,96
46,Tod Ryson,31
47,Frances Pococke,41
48,Zachariah Stuffins,65
49,Deana Dhennin,27
50,Charmain Drover,83
51,Pamella Barhims,109
52,Alric Dorman,129
53,Del Gorry,58
54,Trescha Havenhand,105
55,Rocky Wailes,84
56,Jean Kelleway,115
57,Daloris Benedict,67
58,Boothe Hackly,41
59,Hillie Crutchley,99
60,Domenic Chesnut,15
61,Corette Franke,144
62,Em Shipperbottom,46
63,Augy Chiddy,80
64,Mata Bettley,54
65,Edsel Iskowitz,83
66,Ranee Crownshaw,44
67,Gavan Linnock,140
68,Vivien Ungerer,97
69,Paule Trengrove,16
70,Marshall O'Henecan,109
71,Jory Mantha,86
72,Hernando MacGilmartin,14
73,Tiertza O'Hanlon,29
74,Yorgos Aronson,113
75,Alane MacGlory,93
76,Leigh Kremer,39
77,Joey Roylance,94
78,Kev Willoughey,146
79,Sherwynd Falconer,52
80,Allis Motion,129
81,Winnie Kalberer,17
82,Pierson Jocic,57
83,Felipa Fraczak,26
84,Archer Routhorn,1
85,Tristam Penwright,86
86,Adair Jayme,134
87,Concettina Elcum,110
88,Adan Greenhough,27
89,Nonnah Longland,46
90,Loren Nore,113
91,Calvin Gawne,134
92,Selie Brown,78
93,Philip Puddifer,88
94,Nance Hurdwell,75
95,Kelcy Pray,52
96,Madalena Lambotin,77
97,Roger Burdas,146
98,Diena McKenney,108
99,Conn Victor,135
100,Gabie Hastwell,56
101,Dionne Blachford,82
102,Guy Tabourin,49
103,Joane Jardein,25
104,Stirling Filer,21
105,Peggie Padbery,123
106,Keelby Vasishchev,34
107,Nani Brinkley,143
108,Herbie Boatman,70
109,Britt Keates,88
110,Patrice Odda,101
111,Tabor Coll,110
112,Maureene Winear,6
113,Astrix Kemmons,80
114,Adella Sher,41
115,Jammie Walpole,67
116,Mandie Huffadine,21
117,Vergil Brind,145
118,Gordie Shavel,36
119,Matty Hallyburton,41
120,Lois Shewsmith,68
121,Marylin Passingham,42
122,Katerine Burchfield,110
123,Kalina Older,146
124,Anderson Tarburn,51
125,Marlena Gadie,45
126,Alejandra Lowdes,48
127,Arni Sonley,137
128,Bernete Quogan,137
129,Karoly Oldroyd,144
130,Waverly Senner,134
131,Lira Hardacre,23
132,Meyer Di Filippo,39
133,Merilyn Wase,137
134,Jodi Haack,68
135,Ali Moreno,117
136,Felipa Peschet,134
137,Smitty Matteo,145
138,Briana Ayling,19
139,Win Jacomb,69
140,Bekki Hamer,73
141,Dev Giannazzo,54
142,Debbie Beartup,146
143,Madelaine Tellett,29
144,Sonia Locard,6
145,Philippa MacColgan,20
146,Gallard Skeen,17
147,Cathyleen Tupman,141
148,Aline Forton,12
149,Dick Gabbatt,48
150,Sayres Goodanew,49
151,Richard Allmen,115
152,Aldridge Feldstern,31
153,Ashli Blancowe,115
154,Emmalynn Warlow,89
155,Larina Moodie,118
156,Carroll Kensitt,36
157,Hagen Spritt,40
158,Fanchon Sawer,113
159,Krisha Count,141
160,Rosalie Niche,49
161,Delainey Bendare,91
162,Cchaddie Greene,13
163,Pauletta Stanbrooke,90
164,Halette Domengue,90
165,Kalil Chatten,132
166,Gwen Albrook,15
167,Leanora Dyball,77
168,Ailey Ege,53
169,Tadio Greave,149
170,Beilul Wyon,47
171,Jase Overstall,81
172,Ammamaria Trevascus,29
173,Lilia Demougeot,103
174,Carmel Offer,110
175,Jacob Clitsome,96
176,Wallace Bartolini,74
177,Mariejeanne Ranahan,5
178,Leda Deeming,31
179,Harper Chave,30
180,Dyana Minucci,6
181,Karry Tummond,142
182,Arliene Keuntje,78
183,Cleon Fozzard,60
184,Farleigh Rilings,86
185,Elysee Troppmann,10
186,Maddy Niece,132
187,Sephira Conochie,107
188,Marcille Messager,10
189,Kris Moscone,127
190,Waldon Sperwell,68
191,Rufe Schwanden,48
192,Nadine Gratrix,31
193,Dore Gauvain,76
194,Gwen Hawksley,121
195,Odetta Murch,111
196,Willdon MacKellar,60
197,Clarabelle Chestnut,124
198,Darya Smorthit,147
199,Koo Giovannetti,138
200,Kelly Cleife,138
201,Melisent Corbin,125
202,Fawnia Sutherley,71
203,Moe Cay,115
204,Land Bennie,124
205,Vernice Goodram,99
206,Koo Tott,101
207,Gauthier Shewry,110
208,Pansy Broszkiewicz,137
209,Domeniga Drivers,46
210,Anetta Cubbinelli,145
211,Smitty Livingstone,136
212,Orel Overpool,93
213,Amalle Krzyzaniak,66
214,Boothe Markwell,10
215,Perkin Couttes,2
216,Deanna Krimmer,3
217,Neille Tuberfield,26
218,Page Daggett,121
219,Bernadette Tellenbrok,7
220,Halette Eglise,95
221,Vanessa Stammirs,131
222,Brew Warder,118
223,Alexei Polhill,39
224,Jose Alderton,86
225,Mariellen Ferrant,37
226,Kalvin Eburah,49
227,Donn Beddie,31
228,Bobby Coumbe,102
229,Hadley Chennells,81
230,Lon Everington,95
231,Burk Hubery,11
232,Claybourne Grzelczak,59
233,Florentia Risbie,30
234,Herve Camies,57
235,Alvan Poynser,4
236,Clari Orto,96
237,Carrol Labone,149
238,Cathryn Asken,20
239,Merilyn Sleep,116
240,Marie D'Almeida,55
241,Wynn Tavener,146
242,Renata Eburne,17
243,Obadias Pert,1
244,George Normant,108
245,Katusha McKenney,126
246,Jessey Arro,69
247,Godart Potticary,128
248,Annalise Dedrick,59
249,Ransom Behrend,37
250,Brien Gladbeck,60
